scholarship_id,scholarship_name,provider,course,branch,minimum_percentage,max_family_income,category,gender,state,scholarship_amount,application_start,application_deadline,required_documents,eligibility_description,official_source,application_url,status
SCH001,National Merit Scholarship,Government of India,All,All,80,800000,All,All,All,50000,2026-01-01,2026-03-31,Aadhaar;Marksheet;Income Certificate,Merit-based for top students,https://scholarships.gov.in,https://scholarships.gov.in,Active
SCH002,Post Matric SC Scholarship,State Government,B.Tech,All,60,250000,SC,All,Maharashtra,30000,2026-01-15,2026-04-15,Caste Certificate;Income Certificate;Marksheet,For SC students in Maharashtra,https://mahadbt.maharashtra.gov.in,https://mahadbt.maharashtra.gov.in,Active
SCH003,Minority Merit Scholarship,Ministry of Minority Affairs,All,All,70,500000,Minority,All,All,25000,2026-02-01,2026-05-01,Minority Certificate;Marksheet;Income Certificate,For minority community students,https://scholarships.gov.in,https://scholarships.gov.in,Active
SCH004,Girls Education Scholarship,State Government,B.Sc,All,65,400000,All,Female,Gujarat,20000,2026-01-10,2026-04-10,Aadhaar;Marksheet;Income Certificate,For female students in Gujarat,https://digitalgujarat.gov.in,https://digitalgujarat.gov.in,Active
SCH005,OBC Post Matric Scholarship,State Government,B.Com,All,55,300000,OBC,All,Karnataka,18000,2026-01-20,2026-04-20,Caste Certificate;Income Certificate,For OBC students in Karnataka,https://karepass.cgg.gov.in,https://karepass.cgg.gov.in,Active
SCH006,ST Merit Scholarship,Ministry of Tribal Affairs,B.Tech,All,60,350000,ST,All,All,35000,2026-02-01,2026-05-15,ST Certificate;Marksheet;Income Certificate,For ST students,https://tribal.nic.in,https://tribal.nic.in,Active
SCH007,Engineering Excellence Award,Private Trust,B.Tech,CSE,85,1000000,All,All,All,75000,2026-01-05,2026-03-25,Marksheet;Recommendation Letter,Top engineering students,https://example-trust.org,https://example-trust.org,Active
SCH008,SC Girl Child Scholarship,State Government,All,All,60,250000,SC,Female,Tamil Nadu,25000,2026-01-12,2026-04-12,Caste Certificate;Income Certificate;Aadhaar,For SC female students in Tamil Nadu,https://tn.gov.in,https://tn.gov.in,Active
SCH009,Graduate Merit Scholarship,University Grant Commission,All,All,75,600000,All,All,All,40000,2026-02-10,2026-05-10,Marksheet;Degree Certificate,For university graduates,https://ugc.gov.in,https://ugc.gov.in,Active
SCH010,Minority Girl Scholarship,Ministry of Minority Affairs,B.A,All,65,400000,Minority,Female,All,22000,2026-02-15,2026-05-20,Minority Certificate;Marksheet;Income Certificate,For minority female students,https://scholarships.gov.in,https://scholarships.gov.in,Active
SCH011,SC Post Matric Scholarship,State Government,B.Sc,All,55,250000,SC,All,Uttar Pradesh,20000,2026-01-25,2026-04-25,Caste Certificate;Income Certificate,For SC students in UP,https://scholarship.up.gov.in,https://scholarship.up.gov.in,Active
SCH012,OBC Merit Scholarship,State Government,B.Tech,All,70,450000,OBC,All,Maharashtra,30000,2026-02-05,2026-05-05,Caste Certificate;Marksheet;Income Certificate,For OBC engineering students,https://mahadbt.maharashtra.gov.in,https://mahadbt.maharashtra.gov.in,Active